Subject,ML Score,MERCI Score Pos,MERCI Score Neg,Hybrid Score,Prediction,PPV
NDM5_0_2,0.21,0.0,-0.5,0.0,Non-Toxin,0.0
NDM5_0_3,0.155,0.0,-0.5,0.0,Non-Toxin,0.0
NDM5_0_5,0.21,0.0,-0.5,0.0,Non-Toxin,0.0
NDM5_0_6,0.22,0.0,-0.5,0.0,Non-Toxin,0.0
NDM5_10_1,0.295,0.0,-0.5,0.0,Non-Toxin,0.0
NDM5_11_0,0.225,0.0,-0.5,0.0,Non-Toxin,0.0
NDM5_11_1,0.11,0.0,-0.5,0.0,Non-Toxin,0.0
NDM5_11_2,0.265,0.0,-0.5,0.0,Non-Toxin,0.0
NDM5_11_3,0.26,0.0,-0.5,0.0,Non-Toxin,0.0
NDM5_11_4,0.225,0.0,-0.5,0.0,Non-Toxin,0.0
NDM5_11_5,0.275,0.0,-0.5,0.0,Non-Toxin,0.0
NDM5_11_6,0.195,0.0,-0.5,0.0,Non-Toxin,0.0
NDM5_11_7,0.14,0.0,-0.5,0.0,Non-Toxin,0.0
NDM5_11_8,0.09,0.0,-0.5,0.0,Non-Toxin,0.0
NDM5_11_9,0.28,0.0,-0.5,0.0,Non-Toxin,0.0
NDM5_14_0,0.205,0.0,-0.5,0.0,Non-Toxin,0.0
NDM5_14_1,0.215,0.0,-0.5,0.0,Non-Toxin,0.0
NDM5_14_2,0.245,0.0,-0.5,0.0,Non-Toxin,0.0
NDM5_14_4,0.145,0.0,-0.5,0.0,Non-Toxin,0.0
NDM5_14_6,0.235,0.0,-0.5,0.0,Non-Toxin,0.0
NDM5_14_7,0.205,0.0,-0.5,0.0,Non-Toxin,0.0
NDM5_14_8,0.22,0.0,-0.5,0.0,Non-Toxin,0.0
NDM5_14_9,0.12,0.0,-0.5,0.0,Non-Toxin,0.0
NDM5_16_0,0.17,0.0,-0.5,0.0,Non-Toxin,0.0
NDM5_16_1,0.345,0.0,-0.5,0.0,Non-Toxin,0.0
NDM5_16_2,0.34,0.0,-0.5,0.0,Non-Toxin,0.0
NDM5_16_7,0.375,0.0,-0.5,0.0,Non-Toxin,0.0
NDM5_16_8,0.245,0.0,-0.5,0.0,Non-Toxin,0.0
NDM5_17_3,0.145,0.0,-0.5,0.0,Non-Toxin,0.0
NDM5_17_4,0.16,0.0,-0.5,0.0,Non-Toxin,0.0
NDM5_17_7,0.275,0.0,-0.5,0.0,Non-Toxin,0.0
NDM5_17_8,0.22,0.0,-0.5,0.0,Non-Toxin,0.0
NDM5_18_3,0.145,0.0,-0.5,0.0,Non-Toxin,0.0
NDM5_18_4,0.165,0.0,-0.5,0.0,Non-Toxin,0.0
NDM5_18_9,0.135,0.0,-0.5,0.0,Non-Toxin,0.0
NDM5_1_0,0.28,0.0,-0.5,0.0,Non-Toxin,0.0
NDM5_1_1,0.285,0.0,-0.5,0.0,Non-Toxin,0.0
NDM5_1_3,0.29,0.0,-0.5,0.0,Non-Toxin,0.0
NDM5_3_9,0.29,0.0,-0.5,0.0,Non-Toxin,0.0
NDM5_4_3,0.16,0.0,-0.5,0.0,Non-Toxin,0.0
NDM5_4_7,0.2,0.0,-0.5,0.0,Non-Toxin,0.0
NDM5_5_0,0.195,0.0,-0.5,0.0,Non-Toxin,0.0
NDM5_5_4,0.24,0.0,-0.5,0.0,Non-Toxin,0.0
NDM5_5_9,0.285,0.0,-0.5,0.0,Non-Toxin,0.0
NDM5_6_0,0.155,0.0,-0.5,0.0,Non-Toxin,0.0
NDM5_6_1,0.16,0.0,-0.5,0.0,Non-Toxin,0.0
NDM5_6_3,0.135,0.0,-0.5,0.0,Non-Toxin,0.0
NDM5_6_5,0.165,0.0,-0.5,0.0,Non-Toxin,0.0
NDM5_6_6,0.2,0.0,-0.5,0.0,Non-Toxin,0.0
NDM5_6_8,0.215,0.0,-0.5,0.0,Non-Toxin,0.0
NDM5_6_9,0.14,0.0,-0.5,0.0,Non-Toxin,0.0
NDM5_8_5,0.25,0.0,-0.5,0.0,Non-Toxin,0.0
rank001_NDM5_026,0.23,0.0,-0.5,0.0,Non-Toxin,0.0
rank002_NDM5_021,0.11,0.0,-0.5,0.0,Non-Toxin,0.0
rank003_NDM5_009,0.07,0.0,-0.5,0.0,Non-Toxin,0.0
rank004_NDM5_143,0.095,0.0,-0.5,0.0,Non-Toxin,0.0
rank005_NDM5_086,0.1,0.0,-0.5,0.0,Non-Toxin,0.0
rank006_NDM5_148,0.075,0.0,-0.5,0.0,Non-Toxin,0.0
