design_id,binder_len,n_interface,n_epitope_hit,epitope_recall,interface_precision,n_catalytic_contacts,catalytic_ok,contacted_epitope,target_chain,status
NDM5_0_2,53,14,8,0.4,0.571,1,True,65|67|73|216|217|219|220|250,A,ok
NDM5_0_3,53,11,2,0.1,0.182,1,True,73|250,A,ok
NDM5_0_5,53,10,1,0.05,0.1,0,False,67,A,ok
NDM5_0_6,53,8,0,0.0,0.0,0,False,,A,ok
NDM5_10_1,54,23,4,0.2,0.174,1,True,122|123|190|220,A,ok
NDM5_11_0,81,18,4,0.2,0.222,1,True,73|211|219|250,A,ok
NDM5_11_1,81,17,0,0.0,0.0,0,False,,A,ok
NDM5_11_2,81,14,4,0.2,0.286,0,False,216|217|219|220,A,ok
NDM5_11_3,81,9,1,0.05,0.111,1,True,122,A,ok
NDM5_11_4,81,27,0,0.0,0.0,0,False,,A,ok
NDM5_11_5,81,20,9,0.45,0.45,1,True,65|67|93|122|123|216|217|219|220,A,ok
NDM5_11_6,81,17,7,0.35,0.412,0,False,65|67|123|217|218|219|220,A,ok
NDM5_11_7,81,10,5,0.25,0.5,0,False,216|217|218|219|220,A,ok
NDM5_11_8,81,16,5,0.25,0.312,1,True,65|67|93|123|124,A,ok
NDM5_11_9,81,19,0,0.0,0.0,0,False,,A,ok
NDM5_14_0,92,11,2,0.1,0.182,0,False,67|73,A,ok
NDM5_14_1,92,14,5,0.25,0.357,0,False,65|67|73|123|220,A,ok
NDM5_14_2,92,24,9,0.45,0.375,1,True,65|67|93|123|124|216|217|219|220,A,ok
NDM5_14_4,92,13,1,0.05,0.077,0,False,67,A,ok
NDM5_14_6,92,22,8,0.4,0.364,0,False,65|67|93|123|216|217|219|220,A,ok
NDM5_14_7,92,16,0,0.0,0.0,0,False,,A,ok
NDM5_14_8,92,7,0,0.0,0.0,0,False,,A,ok
NDM5_14_9,92,14,0,0.0,0.0,0,False,,A,ok
NDM5_16_0,77,12,3,0.15,0.25,1,True,122|190|220,A,ok
NDM5_16_1,77,10,5,0.25,0.5,1,True,67|122|217|219|220,A,ok
NDM5_16_2,77,19,9,0.45,0.474,1,True,65|67|93|122|123|217|218|219|220,A,ok
NDM5_16_7,77,9,1,0.05,0.111,0,False,216,A,ok
NDM5_16_8,77,9,0,0.0,0.0,0,False,,A,ok
NDM5_17_3,96,28,12,0.6,0.429,2,True,65|67|73|122|123|211|216|217|218|219|220|250,A,ok
NDM5_17_4,96,23,0,0.0,0.0,0,False,,A,ok
NDM5_17_7,96,10,4,0.2,0.4,0,False,216|217|219|220,A,ok
NDM5_17_8,96,12,3,0.15,0.25,0,False,217|219|220,A,ok
NDM5_18_3,90,16,0,0.0,0.0,0,False,,A,ok
NDM5_18_4,90,14,6,0.3,0.429,3,True,67|93|122|124|220|250,A,ok
NDM5_18_9,90,20,6,0.3,0.3,1,True,65|67|122|123|190|220,A,ok
NDM5_1_0,60,0,0,0.0,0.0,0,False,,A,ok
NDM5_1_1,60,22,11,0.55,0.5,2,True,65|67|93|122|123|124|211|216|217|219|220,A,ok
NDM5_1_3,60,11,4,0.2,0.364,0,False,216|217|218|220,A,ok
NDM5_3_9,79,30,12,0.6,0.4,2,True,65|67|73|93|122|123|211|216|217|219|220|250,A,ok
NDM5_4_3,56,9,2,0.1,0.222,0,False,67|220,A,ok
NDM5_4_7,56,8,4,0.2,0.5,0,False,73|216|219|220,A,ok
NDM5_5_0,88,22,10,0.5,0.455,2,True,65|67|93|122|123|124|216|217|219|220,A,ok
NDM5_5_4,88,7,0,0.0,0.0,0,False,,A,ok
NDM5_5_9,88,17,13,0.65,0.765,6,True,67|73|93|120|122|123|124|189|190|208|219|220|250,A,ok
NDM5_6_1,83,11,2,0.1,0.182,0,False,216|217,A,ok
NDM5_6_3,83,21,0,0.0,0.0,0,False,,A,ok
NDM5_6_5,83,12,4,0.2,0.333,0,False,216|217|218|219,A,ok
NDM5_6_6,83,6,0,0.0,0.0,0,False,,A,ok
NDM5_6_8,83,8,0,0.0,0.0,0,False,,A,ok
rank001_NDM5_026,58,21,15,0.75,0.714,4,True,65|67|73|93|122|123|124|189|190|216|217|218|219|220|250,A,ok
rank002_NDM5_021,58,17,8,0.4,0.471,1,True,65|67|93|122|123|217|219|220,A,ok
rank003_NDM5_009,57,16,0,0.0,0.0,0,False,,A,ok
