design_id,source,length,net_charge_pH7.4,gravy,hydrophobic_moment,aggregation_proxy,cys_count,max_aa_fraction,delivery_proxy,n_liabilities,liabilities
rank001_NDM5_026,boltzgen_final,58,-1.02,-0.128,0.679,2.086,0,0.293,0.5,2,N-term_Met(ox);homopolymer_run>=4
rank002_NDM5_021,boltzgen_final,58,-5.03,-0.197,0.597,1.757,0,0.172,0.498,1,motif_DG
rank003_NDM5_009,boltzgen_final,57,-8.02,0.537,0.417,2.357,0,0.211,0.348,0,
rank004_NDM5_143,boltzgen_final,71,-2.02,0.637,0.369,2.143,0,0.282,0.308,3,motif_NG;motif_DG;homopolymer_run>=4
rank005_NDM5_086,boltzgen_final,99,-1.03,0.062,0.768,3.286,0,0.182,0.5,2,motif_NG;motif_DG
rank006_NDM5_148,boltzgen_final,71,-0.03,-0.144,0.574,1.4,0,0.211,0.479,3,N-term_Met(ox);motif_NG;motif_DG
NDM5_0_2,rfdiffusion_ifold,53,-6.02,-0.842,0.721,1.029,0,0.264,0.5,1,motif_DP
NDM5_0_3,rfdiffusion_ifold,53,-8.02,-0.562,0.655,1.786,0,0.264,0.5,2,motif_DP;homopolymer_run>=4
NDM5_0_5,rfdiffusion_ifold,53,-8.02,-0.704,0.797,1.029,0,0.264,0.5,1,motif_DP
NDM5_0_6,rfdiffusion_ifold,53,-6.03,-0.826,0.728,1.029,0,0.264,0.5,1,motif_DP
NDM5_10_1,rfdiffusion_ifold,54,-2.03,-0.567,0.69,2.186,0,0.241,0.5,2,N-term_Q/E(pyroglutamate);motif_DP
NDM5_11_0,rfdiffusion_ifold,81,-5.02,-0.281,0.738,1.543,0,0.21,0.5,0,
NDM5_11_1,rfdiffusion_ifold,81,-10.98,-0.531,0.888,1.3,0,0.259,0.5,1,N-term_Q/E(pyroglutamate)
NDM5_11_2,rfdiffusion_ifold,81,-1.03,-0.569,0.823,1.543,0,0.21,0.5,1,N-term_Q/E(pyroglutamate)
NDM5_11_3,rfdiffusion_ifold,81,-1.03,-0.685,0.86,1.186,0,0.21,0.5,1,N-term_Q/E(pyroglutamate)
NDM5_11_4,rfdiffusion_ifold,81,-3.99,-0.216,0.759,1.714,0,0.185,0.5,0,
NDM5_11_5,rfdiffusion_ifold,81,-2.03,-0.606,0.777,1.686,0,0.21,0.5,1,N-term_Q/E(pyroglutamate)
NDM5_11_6,rfdiffusion_ifold,81,-4.02,-0.386,0.939,1.329,0,0.222,0.5,0,
NDM5_11_7,rfdiffusion_ifold,81,-5.02,-0.321,1.009,1.643,0,0.21,0.5,0,
NDM5_11_8,rfdiffusion_ifold,81,-6.03,-0.569,0.793,1.3,0,0.222,0.5,1,N-term_Q/E(pyroglutamate)
NDM5_11_9,rfdiffusion_ifold,81,-2.03,-0.516,0.733,1.686,0,0.222,0.5,1,N-term_Q/E(pyroglutamate)
NDM5_14_0,rfdiffusion_ifold,92,-6.02,-0.745,0.895,1.1,0,0.239,0.5,0,
NDM5_14_1,rfdiffusion_ifold,92,-7.02,-1.253,0.895,0.557,0,0.293,0.5,1,N-term_Q/E(pyroglutamate)
NDM5_14_2,rfdiffusion_ifold,92,-9.02,-0.801,0.789,2.0,0,0.283,0.5,2,N-term_Q/E(pyroglutamate);homopolymer_run>=4
NDM5_14_4,rfdiffusion_ifold,92,-11.02,-0.534,0.824,1.257,0,0.25,0.5,0,
NDM5_14_6,rfdiffusion_ifold,92,-12.02,-0.666,0.724,1.9,0,0.272,0.5,1,homopolymer_run>=4
NDM5_14_7,rfdiffusion_ifold,92,-10.02,-0.575,0.85,1.114,0,0.25,0.5,0,
NDM5_14_8,rfdiffusion_ifold,92,-11.02,-0.603,0.779,1.7,0,0.272,0.5,0,
NDM5_14_9,rfdiffusion_ifold,92,-10.02,-0.518,0.779,2.0,0,0.239,0.5,1,N-term_Q/E(pyroglutamate)
NDM5_16_0,rfdiffusion_ifold,77,-7.02,-0.332,0.846,2.143,0,0.273,0.5,0,
NDM5_16_1,rfdiffusion_ifold,77,-7.02,-0.797,0.701,1.471,0,0.273,0.5,1,N-term_Q/E(pyroglutamate)
NDM5_16_2,rfdiffusion_ifold,77,-4.03,-1.03,0.809,2.371,0,0.286,0.5,1,N-term_Q/E(pyroglutamate)
NDM5_16_7,rfdiffusion_ifold,77,-3.03,-0.925,0.809,1.057,0,0.273,0.5,1,N-term_Q/E(pyroglutamate)
NDM5_16_8,rfdiffusion_ifold,77,-5.03,-0.691,0.846,1.243,0,0.26,0.5,0,
NDM5_17_3,rfdiffusion_ifold,96,-7.02,-0.79,0.684,1.171,0,0.24,0.5,1,motif_DP
NDM5_17_4,rfdiffusion_ifold,96,-9.99,-0.676,0.586,1.257,0,0.25,0.488,1,motif_DP
NDM5_17_7,rfdiffusion_ifold,96,-5.03,-0.478,0.716,1.186,0,0.229,0.5,0,
NDM5_17_8,rfdiffusion_ifold,96,-6.99,-0.868,0.598,1.814,0,0.24,0.498,2,motif_DP;homopolymer_run>=4
NDM5_18_3,rfdiffusion_ifold,90,-5.02,-0.962,0.659,1.186,0,0.289,0.5,1,homopolymer_run>=4
NDM5_18_4,rfdiffusion_ifold,90,-2.03,-0.897,0.763,1.8,0,0.233,0.5,1,homopolymer_run>=4
NDM5_18_9,rfdiffusion_ifold,90,-10.02,-0.848,0.694,2.014,0,0.244,0.5,1,homopolymer_run>=4
NDM5_1_0,rfdiffusion_ifold,60,-5.02,-0.915,0.714,0.186,0,0.25,0.5,0,
NDM5_1_1,rfdiffusion_ifold,60,-0.03,-0.873,0.73,0.857,0,0.233,0.5,0,
NDM5_1_3,rfdiffusion_ifold,60,-2.03,-1.682,0.668,0.229,0,0.3,0.5,2,motif_DG;oxidation_prone(M/W)
NDM5_3_9,rfdiffusion_ifold,79,-3.03,-1.158,0.665,1.4,0,0.291,0.5,0,
NDM5_4_3,rfdiffusion_ifold,56,-10.02,-0.161,0.583,1.629,0,0.25,0.486,1,motif_DG
NDM5_4_7,rfdiffusion_ifold,56,-4.02,-0.425,0.646,1.629,0,0.232,0.5,1,motif_DG
NDM5_5_0,rfdiffusion_ifold,88,-1.95,-0.406,0.852,1.714,0,0.239,0.5,1,motif_DS
NDM5_5_4,rfdiffusion_ifold,88,-10.02,-0.598,0.728,1.0,0,0.261,0.5,2,N-term_Q/E(pyroglutamate);motif_DS
NDM5_5_9,rfdiffusion_ifold,88,-7.99,-0.723,0.727,1.057,0,0.261,0.5,1,N-term_Q/E(pyroglutamate)
NDM5_6_0,rfdiffusion_ifold,83,-6.02,-0.163,0.686,2.771,0,0.205,0.5,1,motif_DS
NDM5_6_1,rfdiffusion_ifold,83,-7.03,-0.283,0.687,1.9,0,0.205,0.5,2,motif_DP;motif_DS
NDM5_6_3,rfdiffusion_ifold,83,-5.02,-0.317,0.738,1.114,0,0.193,0.5,1,motif_DS
NDM5_6_5,rfdiffusion_ifold,83,-4.02,0.19,0.692,1.714,0,0.241,0.5,1,motif_DS
NDM5_6_6,rfdiffusion_ifold,83,-1.03,-0.329,0.69,1.014,0,0.181,0.5,2,N-term_Met(ox);motif_DS
NDM5_6_8,rfdiffusion_ifold,83,1.97,-0.52,0.802,1.486,0,0.193,0.664,1,motif_DS
NDM5_6_9,rfdiffusion_ifold,83,-2.03,-0.06,0.921,1.671,0,0.205,0.5,3,N-term_Met(ox);motif_DP;motif_DS
NDM5_8_5,rfdiffusion_ifold,75,0.97,-1.488,1.011,0.957,0,0.24,0.581,3,N-term_Q/E(pyroglutamate);motif_DS;homopolymer_run>=4
