design_id,target_chain,binder_chain,target_len,binder_len,ipae_tgt_aligned,ipae_pep_aligned,ipae_tgt_aligned_best,binder_plddt_mean,binder_plddt_min,binder_iplddt,target_plddt_mean,ipSAE_tgt_aligned,ipSAE_pep_aligned,n_if_pairs,n_contacts,contact_density,buried_frac_binder,status
NDM5_0_2,A,B,228,53,5.338,4.781,1.805,86.79,67.31,85.0,95.09,0.431213,0.397271,163,45,0.849,0.642,ok
NDM5_0_3,A,B,228,53,13.798,12.957,10.379,74.77,51.6,67.23,94.15,0.0,0.01305,103,20,0.377,0.434,ok
NDM5_0_5,A,B,228,53,11.008,12.286,6.487,80.48,60.15,82.26,94.77,0.014812,0.01433,70,21,0.396,0.415,ok
NDM5_0_6,A,B,228,53,10.499,8.941,6.914,79.15,47.66,74.07,94.52,0.014933,0.016172,109,18,0.34,0.566,ok
NDM5_10_1,A,B,228,54,11.192,10.96,8.8,62.21,34.98,57.22,91.22,0.013126,0.095601,180,46,0.852,0.704,ok
NDM5_11_0,A,B,228,81,15.296,14.757,12.526,85.83,40.2,81.11,93.64,0.0,0.012588,157,42,0.519,0.432,ok
NDM5_11_1,A,B,228,81,21.676,20.136,19.426,83.01,54.05,78.83,93.77,0.0,0.0,111,34,0.42,0.346,ok
NDM5_11_2,A,B,228,81,10.912,11.418,9.208,86.16,50.32,77.36,93.08,0.012052,0.092074,124,34,0.42,0.383,ok
NDM5_11_3,A,B,228,81,16.758,17.59,15.527,92.21,63.02,81.4,94.4,0.0,0.0,38,17,0.21,0.136,ok
NDM5_11_4,A,B,228,81,14.374,14.323,11.526,72.49,46.34,72.5,92.03,0.0,0.011875,200,53,0.654,0.444,ok
NDM5_11_5,A,B,228,81,17.879,17.513,14.087,85.38,60.66,81.7,94.01,0.0,0.0,150,40,0.494,0.506,ok
NDM5_11_6,A,B,228,81,18.505,18.455,14.91,79.49,64.36,78.24,93.21,0.0,0.0,136,37,0.457,0.457,ok
NDM5_11_7,A,B,228,81,21.842,22.261,19.258,76.36,59.57,76.39,93.8,0.0,0.0,61,18,0.222,0.272,ok
NDM5_11_8,A,B,228,81,15.152,15.47,11.569,85.16,45.91,78.25,93.68,0.0,0.011776,116,31,0.383,0.383,ok
NDM5_11_9,A,B,228,81,16.997,16.583,12.744,85.09,62.43,79.48,93.69,0.0,0.0,156,34,0.42,0.444,ok
NDM5_14_0,A,B,228,92,21.038,20.148,16.816,81.04,68.5,76.81,94.84,0.0,0.0,55,22,0.239,0.228,ok
NDM5_14_1,A,B,228,92,18.607,20.665,13.271,71.5,56.06,66.2,93.96,0.0,0.0,81,24,0.261,0.239,ok
NDM5_14_2,A,B,228,92,7.956,7.477,3.727,82.04,70.69,80.5,94.72,0.263084,0.32235,163,42,0.457,0.435,ok
NDM5_14_4,A,B,228,92,23.629,21.636,18.351,77.37,62.35,76.17,94.79,0.0,0.0,59,18,0.196,0.239,ok
NDM5_14_6,A,B,228,92,13.501,13.4,9.513,76.01,61.77,73.77,94.04,0.011468,0.011252,165,45,0.489,0.478,ok
NDM5_14_7,A,B,228,92,23.189,21.837,20.017,82.5,63.82,76.24,93.77,0.0,0.0,126,31,0.337,0.348,ok
NDM5_14_8,A,B,228,92,23.778,20.737,21.656,72.98,55.86,64.42,94.96,0.0,0.0,24,12,0.13,0.076,ok
NDM5_14_9,A,B,228,92,25.652,21.065,22.962,80.0,54.47,76.69,94.16,0.0,0.0,97,25,0.272,0.283,ok
NDM5_16_0,A,B,228,77,19.686,20.38,16.625,83.25,62.86,76.87,93.49,0.0,0.0,68,20,0.26,0.286,ok
NDM5_16_1,A,B,228,77,20.348,22.12,16.401,84.29,59.33,77.18,94.4,0.0,0.0,94,19,0.247,0.247,ok
NDM5_16_2,A,B,228,77,7.201,6.081,1.561,89.14,66.66,87.87,95.22,0.579005,0.495184,156,41,0.532,0.545,ok
NDM5_16_7,A,B,228,77,16.158,15.79,14.478,87.54,69.76,84.32,94.62,0.0,0.0,67,15,0.195,0.234,ok
NDM5_16_8,A,B,228,77,17.487,16.822,14.684,83.14,61.74,79.05,93.5,0.0,0.0,73,19,0.247,0.234,ok
NDM5_17_3,A,B,228,96,14.28,14.538,11.684,74.85,51.52,73.09,92.9,0.0,0.011847,191,54,0.562,0.51,ok
NDM5_17_4,A,B,228,96,20.044,17.851,17.661,69.16,47.36,65.06,92.58,0.0,0.0,192,49,0.51,0.5,ok
NDM5_17_7,A,B,228,96,21.958,20.39,19.525,77.11,54.66,67.61,92.58,0.0,0.0,85,22,0.229,0.24,ok
NDM5_17_8,A,B,228,96,24.052,22.837,21.479,68.58,46.53,67.38,93.23,0.0,0.0,72,23,0.24,0.26,ok
NDM5_18_3,A,B,228,90,18.151,18.471,15.637,82.93,36.37,72.33,93.97,0.0,0.0,136,35,0.389,0.244,ok
NDM5_18_4,A,B,228,90,19.017,20.348,17.306,80.11,58.35,76.67,93.34,0.0,0.0,62,20,0.222,0.233,ok
NDM5_18_9,A,B,228,90,21.625,21.021,18.816,76.64,54.39,70.47,93.61,0.0,0.0,108,36,0.4,0.344,ok
NDM5_1_0,,,,,,,,,,,,,,,,,,no_interface
NDM5_1_1,A,B,228,60,12.263,12.006,7.971,79.28,40.05,72.26,94.09,0.020498,0.060129,141,43,0.717,0.533,ok
NDM5_1_3,A,B,228,60,15.874,14.873,13.802,84.0,41.44,72.7,94.19,0.0,0.0,70,17,0.283,0.35,ok
NDM5_3_9,A,B,228,79,12.17,11.288,10.024,75.64,51.03,70.51,90.97,0.012073,0.123876,216,56,0.709,0.62,ok
NDM5_4_3,A,B,228,56,20.005,19.525,18.028,72.99,32.39,65.58,95.29,0.0,0.0,71,13,0.232,0.393,ok
NDM5_4_7,A,B,228,56,21.815,21.889,19.249,75.79,38.28,64.27,94.73,0.0,0.0,80,19,0.339,0.357,ok
NDM5_5_0,A,B,228,88,9.798,9.415,5.513,82.06,43.91,70.38,94.99,0.150521,0.260146,140,37,0.42,0.352,ok
NDM5_5_4,A,B,228,88,26.333,23.974,25.204,80.98,51.35,65.57,94.57,0.0,0.0,37,11,0.125,0.102,ok
NDM5_5_9,A,B,228,88,3.187,3.205,1.555,82.15,48.87,75.52,93.71,0.561865,0.642513,113,37,0.42,0.295,ok
NDM5_6_1,A,B,228,83,18.666,17.361,16.155,85.71,29.3,56.47,93.9,0.0,0.0,46,19,0.229,0.133,ok
NDM5_6_3,A,B,228,83,18.475,17.157,15.916,82.59,44.35,73.45,92.44,0.0,0.0,174,41,0.494,0.373,ok
NDM5_6_5,A,B,228,83,18.136,16.335,15.673,66.1,40.2,54.34,93.64,0.0,0.0,82,28,0.337,0.217,ok
NDM5_6_6,A,B,228,83,28.365,27.055,27.747,85.84,56.06,83.04,94.78,0.0,0.0,31,9,0.108,0.12,ok
NDM5_6_8,A,B,228,83,23.223,22.156,21.061,85.68,44.9,63.43,94.89,0.0,0.0,34,17,0.205,0.12,ok
rank001_NDM5_026,A,B,228,58,13.584,13.791,10.857,81.22,41.05,74.25,93.94,0.0,0.012426,150,46,0.793,0.569,ok
rank002_NDM5_021,A,B,228,58,18.98,20.607,14.941,78.3,50.44,79.01,94.68,0.0,0.0,125,35,0.603,0.517,ok
rank003_NDM5_009,A,B,228,57,15.779,14.702,13.469,77.3,52.56,73.21,94.3,0.0,0.010978,151,27,0.474,0.544,ok
