design_id,ipSAE,ipSAE_min,ipSAE_max,ipSAE_d0chn,ipSAE_d0dom,ipTM_af,pDockQ,pDockQ2,LIS,status
NDM5_0_2,0.431213,0.397271,0.431213,0.826984,0.820891,0.87,0.3384,0.291,0.3582,ok
NDM5_0_3,0.01305,0.0,0.01305,0.318211,0.064315,0.328,0.1112,0.0261,0.0681,ok
NDM5_0_5,0.014812,0.01433,0.014812,0.341929,0.255253,0.433,0.0914,0.0443,0.1279,ok
NDM5_0_6,0.016172,0.014933,0.016172,0.364916,0.15382,0.433,0.1009,0.0569,0.1456,ok
NDM5_10_1,0.095601,0.013126,0.095601,0.367796,0.226648,0.541,0.1494,0.0265,0.1301,ok
NDM5_11_0,0.012588,0.0,0.012588,0.329167,0.054878,0.444,0.3007,0.0195,0.038,ok
NDM5_11_1,0.0,0.0,0.0,0.0,0.0,0.183,0.1627,0.0131,0.0,ok
NDM5_11_2,0.092074,0.012052,0.092074,0.346134,0.217023,0.543,0.1724,0.0368,0.1016,ok
NDM5_11_3,0.0,0.0,0.0,0.0,0.0,0.269,0.0484,0.0161,0.0,ok
NDM5_11_4,0.011875,0.0,0.011875,0.316272,0.011875,0.467,0.2921,0.0214,0.0343,ok
NDM5_11_5,0.0,0.0,0.0,0.0,0.0,0.284,0.2807,0.0148,0.0183,ok
NDM5_11_6,0.0,0.0,0.0,0.0,0.0,0.258,0.1724,0.0133,0.0,ok
NDM5_11_7,0.0,0.0,0.0,0.0,0.0,0.137,0.0748,0.0109,0.0,ok
NDM5_11_8,0.011776,0.0,0.011776,0.314289,0.022677,0.342,0.1491,0.019,0.0408,ok
NDM5_11_9,0.0,0.0,0.0,0.0,0.0,0.379,0.2993,0.0164,0.0186,ok
NDM5_14_0,0.0,0.0,0.0,0.0,0.0,0.147,0.0456,0.0123,0.0,ok
NDM5_14_1,0.0,0.0,0.0,0.0,0.0,0.208,0.0703,0.0125,0.0,ok
NDM5_14_2,0.32235,0.263084,0.32235,0.543308,0.517985,0.704,0.2821,0.1078,0.2527,ok
NDM5_14_4,0.0,0.0,0.0,0.0,0.0,0.155,0.0583,0.0114,0.0,ok
NDM5_14_6,0.011468,0.011252,0.011468,0.3153,0.011468,0.436,0.1978,0.0222,0.0637,ok
NDM5_14_7,0.0,0.0,0.0,0.0,0.0,0.159,0.2031,0.0115,0.0,ok
NDM5_14_8,0.0,0.0,0.0,0.0,0.0,0.13,0.0265,0.0127,0.0,ok
NDM5_14_9,0.0,0.0,0.0,0.0,0.0,0.164,0.1524,0.0118,0.0067,ok
NDM5_16_0,0.0,0.0,0.0,0.0,0.0,0.199,0.0938,0.0127,0.0,ok
NDM5_16_1,0.0,0.0,0.0,0.0,0.0,0.198,0.0968,0.0115,0.0,ok
NDM5_16_2,0.579005,0.495184,0.579005,0.841236,0.816359,0.879,0.3476,0.1814,0.4103,ok
NDM5_16_7,0.0,0.0,0.0,0.0,0.0,0.295,0.0815,0.0185,0.0279,ok
NDM5_16_8,0.0,0.0,0.0,0.0,0.0,0.286,0.0923,0.0159,0.0133,ok
NDM5_17_3,0.011847,0.0,0.011847,0.324815,0.039336,0.408,0.2696,0.0193,0.0503,ok
NDM5_17_4,0.0,0.0,0.0,0.0,0.0,0.232,0.2583,0.014,0.019,ok
NDM5_17_7,0.0,0.0,0.0,0.0,0.0,0.2,0.06,0.0115,0.0,ok
NDM5_17_8,0.0,0.0,0.0,0.0,0.0,0.143,0.0754,0.0105,0.0,ok
NDM5_18_3,0.0,0.0,0.0,0.0,0.0,0.306,0.2659,0.0147,0.0,ok
NDM5_18_4,0.0,0.0,0.0,0.0,0.0,0.23,0.0678,0.0125,0.0,ok
NDM5_18_9,0.0,0.0,0.0,0.0,0.0,0.164,0.1266,0.0117,0.0,ok
NDM5_1_0,0.0,0.0,0.0,0.0,0.0,0.076,0.0,0.0,0.0,ok
NDM5_1_1,0.060129,0.020498,0.060129,0.324261,0.171892,0.565,0.1533,0.0254,0.1062,ok
NDM5_1_3,0.0,0.0,0.0,0.0,0.0,0.309,0.0597,0.0165,0.0275,ok
NDM5_3_9,0.123876,0.012073,0.123876,0.368801,0.242076,0.536,0.2751,0.0296,0.1046,ok
NDM5_4_3,0.0,0.0,0.0,0.0,0.0,0.174,0.0548,0.0124,0.0,ok
NDM5_4_7,0.0,0.0,0.0,0.0,0.0,0.133,0.0593,0.0106,0.0,ok
NDM5_5_0,0.260146,0.150521,0.260146,0.437688,0.395064,0.616,0.1672,0.0557,0.1933,ok
NDM5_5_4,0.0,0.0,0.0,0.0,0.0,0.114,0.046,0.0106,0.0,ok
NDM5_5_9,0.642513,0.561865,0.642513,0.811112,0.810703,0.856,0.2083,0.3767,0.487,ok
NDM5_6_1,0.0,0.0,0.0,0.0,0.0,0.218,0.0497,0.0142,0.0,ok
NDM5_6_3,0.0,0.0,0.0,0.0,0.0,0.283,0.2903,0.0153,0.0105,ok
NDM5_6_5,0.0,0.0,0.0,0.0,0.0,0.237,0.0604,0.0139,0.0021,ok
NDM5_6_6,0.0,0.0,0.0,0.0,0.0,0.095,0.035,0.0098,0.0,ok
NDM5_6_8,0.0,0.0,0.0,0.0,0.0,0.136,0.0409,0.0109,0.0,ok
rank001_NDM5_026,0.012426,0.0,0.012426,0.310474,0.076947,0.421,0.2212,0.0213,0.0662,ok
rank002_NDM5_021,0.0,0.0,0.0,0.0,0.0,0.232,0.1538,0.0129,0.0,ok
rank003_NDM5_009,0.010978,0.0,0.010978,0.284266,0.010978,0.371,0.2531,0.02,0.024,ok
